ID_Perigo,Classe de Perigo,Categoria,Pictogramas,Palavra de Advertência,Código da Frase H,Texto da Frase H,Frases P (Prevenção),Frases P (Resposta),Frases P (Armazenamento),Frases P (Disposição),Notas,Severidade_Inalacao,Severidade_Pele,Severidade_Olhos,Severidade_Ingestao,Risco_Geral,Via_Principal,Sintomas_Agudos,Sintomas_Tardios,Notas_Medico,Severidade_Incendio,Severidade_Derramamento,Severidade_Manuseio,Severidade_Reatividade
Explo_Inst,Explosivos - ,Instáveis,GHS01,PERIGO,H200: ,Explosivo; instável,"P201, P250, P280",P370+P372+P380+P373,P401,P503,"O usuário deve ser informado sobre as propriedades explosivas intrínsecas, uma vez que elas devem ser consideradas para o manuseio, especialmente se a substância ou mistura for removida de sua embalagem ou reembalada para armazenamento.
As propriedades explosivas da substância ou mistura devem ser comunicadas na Seção 2 e Seção 9 da FDS, e em outras seções da FDS, quando apropriado.
NOTA Substâncias e misturas com um resultado positivo em série de ensaio 2 na Parte 1, Seção 12, do Manual de Ensaios e Critérios da ONU, as quais são isentas da classificação de explosivos (com base em um resultado negativo em uma série de
ensaio 6 na Parte1, Seção 16 do Manual de Ensaios e Critérios da ONU), ainda apresentam propriedades explosivas.",1,1,1,1,3,,,,,5,5,5,5
Explo_D1_1,Explosivos - ,Divisão 1.1,GHS01,PERIGO,H201: ,Explosivo; perigo de explosão em massa,"P210, P230, P234, P240, P250, P280",P370+P372+P380+P373,P401,P503,II,1,1,1,1,3,,,,,5,5,5,5
Explo_D1_2,Explosivos - ,Divisão 1.2,GHS01,PERIGO,H202: ,Explosivo; perigo grave de projeção,"P210, P230, P234, P240, P250, P280",P370+P372+P380+P373,P401,P503,II,1,1,1,1,3,,,,,5,5,5,5
Explo_D1_3,Explosivos - ,Divisão 1.3,GHS01,PERIGO,H203: ,"Explosivo; perigo de incêndio, deslocamento de ar ou projeções","P210, P230, P234, P240, P250, P280",P370+P372+P380+P373,P401,P503,II,1,1,1,1,3,,,,,5,5,5,5
Explo_D1_4,Explosivos - ,Divisão 1.4,GHS01,ATENÇÃO,H204: ,Perigo de incêndio ou projeções,"P210, P234, P240, P250, P280","P370+P372+P380+P373, P370+P380+P375",P401,P503,II,1,1,1,1,3,,,,,5,5,5,5
Explo_D1_5,Explosivos - ,Divisão 1.5,,PERIGO,H205: ,Perigo de explosão em massa em caso de incêndio,"P210, P230, P234, P240, P250, P280",P370+P372+P380+P373,P401,P503,II,1,1,1,1,3,,,,,5,5,5,5
Explo_D1_6,Explosivos - ,Divisão 1.6,,,,,,,,,II,1,1,1,1,3,,,,,5,5,5,5
ExploDessen_C1,Explosivos dessensibilizados - ,Categoria 1,GHS02,PERIGO,H206: ,"Perigo de incêndio, onda expansiva ou projeção; maior risco de explosão se for reduzido o agente dessensibilizante","P210, P212, P230, P233, P280",P370+P380+P375,P401,P501,,1,1,1,1,3,,,,,5,5,5,4
ExploDessen_C2,Explosivos dessensibilizados - ,Categoria 2,GHS02,PERIGO,H207: ,Perigo de incêndio ou projeção; maior risco de explosão se for reduzido o agente dessensibilizante,"P210, P212, P230, P233, P280",P370+P380+P375,P401,P501,,1,1,1,1,3,,,,,5,5,5,4
ExploDessen_C3,Explosivos dessensibilizados - ,Categoria 3,GHS02,ATENÇÃO,H207: ,Perigo de incêndio ou projeção; maior risco de explosão se for reduzido o agente dessensibilizante,"P210, P212, P230, P233, P280",P370+P380+P375,P401,P501,,1,1,1,1,2,,,,,2,5,5,3
ExploDessen_C4,Explosivos dessensibilizados - ,Categoria 4,GHS02,ATENÇÃO,H208: ,Perigo de incêndio; maior risco de explosão se for reduzido o agente dessensibilizante,"P210, P212, P230, P233, P280",P370+P380+P375,P401,P501,,1,1,1,1,2,,,,,2,5,5,3
GasInflam_1A,Gases inflamáveis - ,"Categoria 1A",GHS02,PERIGO,H220: ,Gás extremamente inflamável,P210,"P377, P381",P403,,,1,1,1,1,3,,,,,4,4,4,1
GasQuim_A,Gás quimicamente instável - ,"Categoria 1A/A
",GHS02,PERIGO,H220+H230: ,"Gás extremamente inflamável. Pode explodir
mesmo na ausência de ar","P202, P210","P377, P381",P403,,,1,1,1,1,3,,,,,4,4,4,1
GasQuim_B,Gás quimicamente instável - ,"Categoria 1A/B
",GHS02,PERIGO,H220+H231: ,"Gás extremamente inflamável. Pode explodir
mesmo na ausência de ar, a alta pressão e/ou temperatura","P202, P210","P377, P381",P403,,,1,1,1,1,3,,,,,4,4,4,1
GasPiro_1A,Gás pirofórico - ,"Categoria 1A",GHS02,PERIGO,H220+H232: ,"Gás extremamente inflamável. Pode inflamar-se
espontaneamente em contato com o ar","P210, P222, P280","P377, P381",P403,,,1,1,1,1,3,,,,,5,5,5,5
GasInflam_1B,Gases inflamáveis - ,Categoria 1B,GHS02,PERIGO,H221: ,Gás inflamável,P210,"P377, P381",P403,,,1,1,1,1,2,,,,,3,3,3,1
GasInflam_C2,Gases inflamáveis - ,Categoria 2,,ATENÇÃO,H221: ,Gás inflamável,P210,"P377, P381",P403,,,1,1,1,1,2,,,,,3,3,3,1
Aerosol_C1,Aerossóis - ,Categoria 1,GHS02,PERIGO,H222+H229: ,"Aerossol extremamente inflamável. Recipiente pressurizado: pode romper, se aquecido ","P210, P211, P251",,P410+P412,,,1,1,1,1,2,,,,,3,3,3,1
Aerosol_C2,Aerossóis - ,Categoria 2,GHS02,ATENÇÃO,H223+H229: ,"Aerossol inflamável. Recipiente pressurizado: pode romper, se aquecido","P210, P211, P251",,P410+P412,,,1,1,1,1,2,,,,,2,2,2,1
Aerosol_C3,Aerossóis - ,Categoria 3,,ATENÇÃO,H229: ,Recipiente pressurizado: pode romper se aquecido,"P210, P251",,P410+P412,,,1,1,1,1,2,,,,,2,2,2,1
LiqInflam_C1,Líquidos inflamáveis - ,Categoria 1,GHS02,PERIGO,H224: ,Líquido e vapores extremamente inflamáveis,"P210, P233, P240, P241, P242, P243, P280","P303+P361+P353, P370+P378",P403+P235,P501,,1,1,1,1,3,,,,,4,4,4,1
LiqInflam_C2,Líquidos inflamáveis - ,Categoria 2,GHS02,PERIGO,H225: ,Líquido e vapores altamente inflamáveis,"P210, P233, P240, P241, P242, P243, P280","P303+P361+P353, P370+P378",P403+P235,P501,,1,1,1,1,3,,,,,4,4,4,1
LiqInflam_C3,Líquidos inflamáveis - ,Categoria 3,GHS02,ATENÇÃO,H226: ,Líquido e vapores inflamáveis,"P210, P233, P240, P241, P242, P243, P280","P303+P361+P353, P370+P378",P403+P235,P501,,1,1,1,1,2,,,,,3,3,3,1
LiqInflam_C4,Líquidos inflamáveis - ,Categoria 4,,ATENÇÃO,H227: ,Líquido combustível,"P210, P280",P370+P378,P403,P501,,1,1,1,1,2,,,,,2,2,2,1
SolInflam_C1,Sólidos inflamáveis - ,Categoria 1,GHS02,PERIGO,H228: ,Sólido inflamável,"P210, P240, P241, P280",P370+P378,,,,1,1,1,1,2,,,,,3,3,3,1
SolInflam_C2,Sólidos inflamáveis - ,Categoria 2,GHS02,ATENÇÃO,H228: ,Sólido inflamável,"P210, P240, P241, P280",P370+P378,,,,1,1,1,1,2,,,,,3,3,3,1
Autoreat_A,Substâncias e misturas autorreativas - ,Categoria A,GHS01,PERIGO,H240: ,Pode explodir sob ação do calor,"P210, P234, P235, P240, P280",P370+P372+P380+P373,"P403, P411, P420",P501,,1,1,1,1,3,,,,,5,5,5,5
PeroxOrg_A,Peróxidos orgânicos - ,Categoria A,GHS01,PERIGO,H240: ,Pode explodir sob ação do calor,"P210, P234, P235, P240, P280",P370+P372+P380+P373,"P403, P410, P411, P420",P501,,1,1,1,1,3,,,,,5,5,5,5
Autoreat_B,Substâncias e misturas autorreativas - ,Categoria B,"GHS02, GHS01",PERIGO,H241: ,Pode explodir ou incendiar sob ação do calor,"P210, P234, P235, P240, P280",P370+P380+P375+P378,"P403, P411, P420",P501,,1,1,1,1,3,,,,,5,5,5,5
PeroxOrg_B,Peróxidos orgânicos - ,Categoria B,"GHS02, GHS01",PERIGO,H241: ,Pode explodir ou incendiar sob ação do calor,"P210, P234, P235, P240, P280",P370+P380+P375+P378,"P403, P410, P411, P420",P501,,1,1,1,1,3,,,,,5,5,5,5
Autoreat_CD,Substâncias e misturas autorreativas - ,Categoria C e D,GHS02,PERIGO,H242: ,Pode incendiar sob ação do calor,"P210, P234, P235, P240, P280",P370+P378,"P403, P411, P420",P501,,1,1,1,1,2,,,,,3,3,3,4
PeroxOrg_CD,Peróxidos orgânicos - ,Categoria C e D,GHS02,PERIGO,H242: ,Pode incendiar sob ação do calor,"P210, P234, P235, P240, P280",P370+P378,"P403, P410, P411, P420",P501,,1,1,1,1,2,,,,,3,3,3,4
Autoreat_EF,Substâncias e misturas autorreativas - ,Categoria E e F,GHS02,ATENÇÃO,H242: ,Pode incendiar sob ação do calor,"P210, P234, P235, P240, P280",P370+P378,"P403, P411, P420",P501,,1,1,1,1,2,,,,,3,3,3,3
PeroxOrg_EF,Peróxidos orgânicos - ,Categoria E e F,GHS02,ATENÇÃO,H242: ,Pode incendiar sob ação do calor,"P210, P234, P235, P240, P280",P370+P378,"P403, P410, P411, P420",P501,,1,1,1,1,2,,,,,3,3,3,3
Autoreat_G,Substâncias e misturas autorreativas - ,Categoria G,,,,,,,,,"O tipo G não tem elementos de comunicação de perigo atribuídos, mas devem ser consideradas as propriedades pertencentes a outras classes de perigo",1,1,1,1,2,,,,,3,3,3,3
PeroxOrg_G,Peróxidos orgânicos - ,Categoria G,,,,,,,,,"O tipo G não tem elementos de comunicação de perigo atribuídos, mas devem ser consideradas as
propriedades pertencentes a outras classes de perigo.",1,1,1,1,2,,,,,3,3,3,3
LiqPiro_C1,Líquidos pirofóricos - ,Categoria 1,GHS02,PERIGO,H250: ,Inflama-se espontaneamente em contato com o ar,"P210, P222, P233, P280","P302+P334, P370+P378",,,,1,1,1,1,3,,,,,5,5,5,5
SolPiro_C1,Sólidos pirofóricos - ,Categoria 1,GHS02,PERIGO,H250: ,Inflama-se espontaneamente em contato com o ar,"P210, P222, P233, P280","P302+P335+P334, P370+P378",,,,1,1,1,1,3,,,,,5,5,5,5
AqEspont_C1,Substâncias e misturas sujeitas a autoaquecimento - ,Categoria 1,GHS02,PERIGO,H251: ,"Sujeito a autoaquecimento, pode se inflamar","P235, P280",,"P407, P410, P413, P420",,,1,1,1,1,2,,,,,3,3,3,4
AqEspont_C2,Substâncias e misturas sujeitas a autoaquecimento - ,Categoria 2,GHS02,ATENÇÃO,H252: ,"Sujeito a autoaquecimento em grandes quantidades, pode se inflamar","P235, P280",,"P407, P410, P413, P420",,,1,1,1,1,2,,,,,3,3,3,3
ContatoAgua_C1,"Substâncias e misturas que, em contato com a água, emitem gases inflamáveis - ",Categoria 1,GHS02,PERIGO,H260: ,Em contato com a água desprende gases inflamáveis que podem inflamar-se espontaneamente,"P223, P231+P232, P280","P302+P335+P334, P370+P378",P402+P404,P501,,1,1,1,1,3,,,,,5,5,4,4
ContatoAgua_C2,"Substâncias e misturas que, em contato com a água, emitem gases inflamáveis - ",Categoria 2,GHS02,PERIGO,H261: ,Em contato com a água desprende gases inflamáveis ,"P223, P231+P232, P280","P302+P335+P334, P370+P378",P402+P404,P501,,1,1,1,1,2,,,,,3,3,3,3
ContatoAgua_C3,"Substâncias e misturas que, em contato com a água, emitem gases inflamáveis - ",Categoria 3,GHS02,ATENÇÃO,H261: ,Em contato com a água desprende gases inflamáveis ,"P231+P232, P280",P370+P378,P402+P404,P501,,1,1,1,1,2,,,,,2,2,2,2
GasOxid_C1,Gases oxidantes - ,Categoria 1,GHS03,PERIGO,H270: ,"Pode provocar ou agravar um incêndio, comburente","P220, P244",P370+P376,P403,,"Em alguns idiomas, são também conhecidos como
“gases comburentes”.",1,1,1,1,3,,,,,4,4,4,3
LiqOxid_C1,Líquidos oxidantes - ,Categoria 1,GHS03,PERIGO,H271: ,"Pode provocar incêndio ou explosão, muito comburente","P210, P220, P280, P283","P306+P360, P371+P380+P375, P370+P378",P420,P501,"Em alguns idiomas, é também conhecido como “líquidos comburentes”.",1,1,1,1,3,,,,,4,4,4,3
SolOxid_C1,Sólidos oxidantes - ,Categoria 1,GHS03,PERIGO,H271: ,"Pode provocar incêndio ou explosão, muito comburente","P210, P220, P280, P283","P306+P360, P371+P380+P375, P370+P378",P420,P501,"Em alguns idiomas, é também conhecido como “líquidos comburentes”.",1,1,1,1,3,,,,,4,4,4,3
LiqOxid_C2,Líquidos oxidantes - ,Categoria 2,GHS03,PERIGO,H272: ,"Pode agravar um incêndio, comburente","P210, P220, P280",P370+P378,,P501,"Em alguns idiomas, é também conhecido como “líquidos comburentes”.",1,1,1,1,2,,,,,3,3,3,2
LiqOxid_C3,Líquidos oxidantes - ,Categoria 3,GHS03,ATENÇÃO,H272: ,"Pode agravar um incêndio, comburente","P210, P220, P280",P370+P378,,P501,"Em alguns idiomas, é também conhecido como “líquidos comburentes”.",1,1,1,1,2,,,,,3,3,3,2
SolOxid_C2,Sólidos oxidantes - ,Categoria 2,GHS03,PERIGO,H272: ,"Pode agravar um incêndio, comburente","P210, P220, P280",P370+P378,,P501,"Em alguns idiomas, é também conhecido como “líquidos comburentes”.",1,1,1,1,2,,,,,3,3,3,2
SolOxid_C3,Sólidos oxidantes - ,Categoria 3,GHS03,ATENÇÃO,H272: ,"Pode agravar um incêndio, comburente","P210, P220, P280",P370+P378,,P501,"Em alguns idiomas, é também conhecido como “líquidos comburentes”.",1,1,1,1,2,,,,,3,3,3,2
GasPres_Comp,Gases sob pressão - ,"Gás
comprimido",GHS04,ATENÇÃO,H280: ,Contém gás sob pressão: pode explodir sob ação do calor,,,P410+P403,,,1,1,1,1,2,,,,,2,2,2,1
GasPres_Diss,Gases sob pressão - ,"Gás
dissolvido",GHS04,ATENÇÃO,H280: ,Contém gás sob pressão: pode explodir sob ação do calor,,,P410+P403,,,1,1,1,1,2,,,,,2,2,2,1
GasPres_Liq,Gases sob pressão - ,Gás liquefeito,GHS04,ATENÇÃO,H280: ,Contém gás sob pressão: pode explodir sob ação do calor,,,P410+P403,,,1,1,1,1,2,,,,,2,2,2,1
GasPres_Refr,Gases sob pressão - ,"Gás liquefeito
refrigerado",GHS04,ATENÇÃO,H281: ,Contém gás refrigerado: pode causar queimaduras ou lesões criogênicas,P282,P336+P315,P403,,,1,1,1,1,2,,,,,2,2,2,1
CorrMetal_C1,Corrosivo para os metais - ,Categoria 1,GHS05,ATENÇÃO,H290: ,Pode ser corrosivo para os metais,P234,P390,P406,,,1,1,1,1,2,,,,,2,2,2,2
ToxAgOral_C1,Toxicidade aguda - Oral - ,Categoria 1,GHS06,PERIGO,H300: ,Fatal se ingerido,"P264, P270","P301+P310, P321, P330",P405,P501,"As frases de perigo para toxicidade aguda diferenciam o perigo baseado na via de exposição.
A comunicação sobre a classificação da toxicidade aguda também deve refletir esta diferenciação.
Por exemplo, toxicidade aguda oral, Categoria 1, toxicidade aguda dérmica, Categoria 1, e toxicidade aguda por inalação, Categoria 1.
Se a substância ou mistura for classificada para mais de uma via de exposição, então todas as classificações relevantes devem ser comunicadas na FDS, conforme especificado na Seção 7, e os elementos relevantes de comunicação de perigo, incluídos no rótulo conforme descrito na classe de toxicidade aguda da Seção 5.",1,1,1,5,3,Ingestão,"mal-estar súbito, dor abdominal, náusea, vômito, tontura, colapso, convulsões, perda de consciência",,,1,5,5,
ToxAgOral_C2,Toxicidade aguda - Oral - ,Categoria 2,GHS06,PERIGO,H300: ,Fatal se ingerido,"P264, P270","P301+P310, P321, P330",P405,P501,"As frases de perigo para toxicidade aguda diferenciam o perigo baseado na via de exposição.
A comunicação sobre a classificação da toxicidade aguda também deve refletir esta diferenciação.
Por exemplo, toxicidade aguda oral, Categoria 1, toxicidade aguda dérmica, Categoria 1, e toxicidade aguda por inalação, Categoria 1.
Se a substância ou mistura for classificada para mais de uma via de exposição, então todas as classificações relevantes devem ser comunicadas na FDS, conforme especificado na Seção 7, e os elementos relevantes de comunicação de perigo, incluídos no rótulo conforme descrito na classe de toxicidade aguda da Seção 5.",1,1,1,5,3,Ingestão,"mal-estar súbito, dor abdominal, náusea, vômito, tontura, colapso, convulsões, perda de consciência",,,1,5,5,
ToxAgOral_C3,Toxicidade aguda - Oral - ,Categoria 3,GHS06,PERIGO,H301: ,Tóxico se ingerido,"P264, P270","P301+P310, P321, P330",P405,P501,"As frases de perigo para toxicidade aguda diferenciam o perigo baseado na via de exposição.
A comunicação sobre a classificação da toxicidade aguda também deve refletir esta diferenciação.
Por exemplo, toxicidade aguda oral, Categoria 1, toxicidade aguda dérmica, Categoria 1, e toxicidade aguda por inalação, Categoria 1.
Se a substância ou mistura for classificada para mais de uma via de exposição, então todas as classificações relevantes devem ser comunicadas na FDS, conforme especificado na Seção 7, e os elementos relevantes de comunicação de perigo, incluídos no rótulo conforme descrito na classe de toxicidade aguda da Seção 5.",1,1,1,5,3,Ingestão,"dor abdominal, náusea, vômito, diarreia, tontura, fraqueza",,,1,4,3,
ToxAgOral_C4,Toxicidade aguda - Oral - ,Categoria 4,GHS07,ATENÇÃO,H302: ,Nocivo se ingerido,"P264, P270","P301+P312, P330",,P501,"As frases de perigo para toxicidade aguda diferenciam o perigo baseado na via de exposição.
A comunicação sobre a classificação da toxicidade aguda também deve refletir esta diferenciação.
Por exemplo, toxicidade aguda oral, Categoria 1, toxicidade aguda dérmica, Categoria 1, e toxicidade aguda por inalação, Categoria 1.
Se a substância ou mistura for classificada para mais de uma via de exposição, então todas as classificações relevantes devem ser comunicadas na FDS, conforme especificado na Seção 7, e os elementos relevantes de comunicação de perigo, incluídos no rótulo conforme descrito na classe de toxicidade aguda da Seção 5.",1,1,1,4,2,Ingestão,"náusea, vômito, diarreia, dor abdominal, mal-estar geral",,,1,3,3,
ToxAgOral_C5,Toxicidade aguda - Oral - ,Categoria 5,,ATENÇÃO,H303: ,Pode ser nocivo se ingerido,,P301+P312,,,"As frases de perigo para toxicidade aguda diferenciam o perigo baseado na via de exposição.
A comunicação sobre a classificação da toxicidade aguda também deve refletir esta diferenciação.
Por exemplo, toxicidade aguda oral, Categoria 1, toxicidade aguda dérmica, Categoria 1, e toxicidade aguda por inalação, Categoria 1.
Se a substância ou mistura for classificada para mais de uma via de exposição, então todas as classificações relevantes devem ser comunicadas na FDS, conforme especificado na Seção 7, e os elementos relevantes de comunicação de perigo, incluídos no rótulo conforme descrito na classe de toxicidade aguda da Seção 5.",1,1,1,3,2,Ingestão,"desconforto gastrointestinal, náusea leve se ingerido em grandes quantidades",,,1,2,2,
ToxAgDerm_C1,Toxicidade aguda - Dérmica - ,Categoria 1,GHS06,PERIGO,H310: ,Fatal em contato com a pele,"P262, P264, P270, P280","P302+P352, P310, P321, P361+P364",P405,P501,"As frases de perigo para toxicidade aguda diferenciam o perigo baseado na via de exposição.
A comunicação sobre a classificação da toxicidade aguda também deve refletir esta diferenciação.
Por exemplo, toxicidade aguda oral, Categoria 1, toxicidade aguda dérmica Categoria 1 e toxicidade aguda por inalação, Categoria 1.
Se a substância ou mistura for classificada para mais de uma via de exposição, então todas as classificações relevantes devem ser comunicadas na FDS, conforme especificado na Seção 7, e os elementos relevantes de comunicação de perigo, incluídos no rótulo conforme descrito na classe de toxicidade aguda da Seção 5.",1,5,1,1,3,Pele,"vermelhidão, irritação, a absorção pela pele pode ser fatal",,,1,5,5,
ToxAgDerm_C2,Toxicidade aguda - Dérmica - ,Categoria 2,GHS06,PERIGO,H310: ,Fatal em contato com a pele,"P262, P264, P270, P280","P302+P352, P310, P321, P361+P364",P405,P501,"As frases de perigo para toxicidade aguda diferenciam o perigo baseado na via de exposição.
A comunicação sobre a classificação da toxicidade aguda também deve refletir esta diferenciação.
Por exemplo, toxicidade aguda oral, Categoria 1, toxicidade aguda dérmica Categoria 1 e toxicidade aguda por inalação, Categoria 1.
Se a substância ou mistura for classificada para mais de uma via de exposição, então todas as classificações relevantes devem ser comunicadas na FDS, conforme especificado na Seção 7, e os elementos relevantes de comunicação de perigo, incluídos no rótulo conforme descrito na classe de toxicidade aguda da Seção 5.",1,5,1,1,3,Pele,"vermelhidão, irritação, a absorção pela pele pode ser fatal",,,1,5,5,
ToxAgDerm_C3,Toxicidade aguda - Dérmica - ,Categoria 3,GHS06,PERIGO,H311: ,Tóxico em contato com a pele,P280,"P302+P352, P310, P321, P361+P364",P405,P501,"As frases de perigo para toxicidade aguda diferenciam o perigo baseado na via de exposição.
A comunicação sobre a classificação da toxicidade aguda também deve refletir esta diferenciação.
Por exemplo, toxicidade aguda oral, Categoria 1, toxicidade aguda dérmica Categoria 1 e toxicidade aguda por inalação, Categoria 1.
Se a substância ou mistura for classificada para mais de uma via de exposição, então todas as classificações relevantes devem ser comunicadas na FDS, conforme especificado na Seção 7, e os elementos relevantes de comunicação de perigo, incluídos no rótulo conforme descrito na classe de toxicidade aguda da Seção 5.",1,4,1,1,3,Pele,"vermelhidão, irritação, a absorção pela pele pode ser perigosa",,,1,4,3,
ToxAgDerm_C4,Toxicidade aguda - Dérmica - ,Categoria 4,GHS07,ATENÇÃO,H312: ,Nocivo em contato com a pele,P280,"P302+P352, P310, P321, P361+P364",,P501,"As frases de perigo para toxicidade aguda diferenciam o perigo baseado na via de exposição.
A comunicação sobre a classificação da toxicidade aguda também deve refletir esta diferenciação.
Por exemplo, toxicidade aguda oral, Categoria 1, toxicidade aguda dérmica Categoria 1 e toxicidade aguda por inalação, Categoria 1.
Se a substância ou mistura for classificada para mais de uma via de exposição, então todas as classificações relevantes devem ser comunicadas na FDS, conforme especificado na Seção 7, e os elementos relevantes de comunicação de perigo, incluídos no rótulo conforme descrito na classe de toxicidade aguda da Seção 5.",1,3,1,1,2,Pele,"vermelhidão, irritação, a absorção pela pele pode causar mal-estar",,,1,3,3,
ToxAgDerm_C5,Toxicidade aguda - Dérmica - ,Categoria 5,,ATENÇÃO,H313: ,Pode ser nocivo em contato com a pele,,P302+P312,,,"As frases de perigo para toxicidade aguda diferenciam o perigo baseado na via de exposição.
A comunicação sobre a classificação da toxicidade aguda também deve refletir esta diferenciação.
Por exemplo, toxicidade aguda oral, Categoria 1, toxicidade aguda dérmica Categoria 1 e toxicidade aguda por inalação, Categoria 1.
Se a substância ou mistura for classificada para mais de uma via de exposição, então todas as classificações relevantes devem ser comunicadas na FDS, conforme especificado na Seção 7, e os elementos relevantes de comunicação de perigo, incluídos no rótulo conforme descrito na classe de toxicidade aguda da Seção 5.",1,2,1,1,2,Pele,"leve irritação, pode ser nocivo se absorvido em grandes quantidades",,,1,2,2,
ToxAgInal_C1,Toxicidade aguda - Inalação - ,Categoria 1,GHS06,PERIGO,H330: ,Fatal se inalado,"P260, P271, P284","P304+P340, P310, P320","P403+P233, P405",P501,"As frases de perigo para toxicidade aguda diferenciam o perigo baseado na via de exposição.
A comunicação sobre a classificação da toxicidade aguda também deve refletir esta diferenciação.
Por exemplo, toxicidade aguda oral, Categoria 1, toxicidade aguda dérmica Categoria 1 e toxicidade aguda por inalação, Categoria 1.
Se a substância ou mistura for classificada para mais de uma via de exposição, então todas as classificações relevantes devem ser comunicadas na FDS, conforme especificado na Seção 7, e os elementos relevantes de comunicação de perigo, incluídos no rótulo conforme descrito na classe de toxicidade aguda da Seção 5.
Caso a substância ou mistura também seja classificada como corrosiva (com base em dados para pele e olhos), pode-se escolher também comunicar o perigo de corrosividade por meio de pictograma e/ou frase de perigo.
Isso é, adicionalmente ao pictograma apropriado para o pictograma de toxicidade aguda, o pictograma de corrosivo (utilizado para corrosão à pele e corrosão aos olhos) pode ser adicionado juntamente com a frase de perigo “Corrosivo” ou “Corrosivo ao trato respiratório”.",5,1,1,1,3,Inalação,"dificuldade respiratória severa, tontura, dor de cabeça, perda de consciência, colapso",pode causar edema pulmonar (acúmulo de líquido nos pulmões) horas após a exposição,Monitorar o paciente por 24-48 horas devido ao risco de desenvolvimento de edema pulmonar tardio.,1,5,5,
ToxAgInal_C2,Toxicidade aguda - Inalação - ,Categoria 2,GHS06,PERIGO,H330: ,Fatal se inalado,"P260, P271, P284","P304+P340, P310, P320","P403+P233, P405",P501,"As frases de perigo para toxicidade aguda diferenciam o perigo baseado na via de exposição.
A comunicação sobre a classificação da toxicidade aguda também deve refletir esta diferenciação.
Por exemplo, toxicidade aguda oral, Categoria 1, toxicidade aguda dérmica Categoria 1 e toxicidade aguda por inalação, Categoria 1.
Se a substância ou mistura for classificada para mais de uma via de exposição, então todas as classificações relevantes devem ser comunicadas na FDS, conforme especificado na Seção 7, e os elementos relevantes de comunicação de perigo, incluídos no rótulo conforme descrito na classe de toxicidade aguda da Seção 5.
Caso a substância ou mistura também seja classificada como corrosiva (com base em dados para pele e olhos), pode-se escolher também comunicar o perigo de corrosividade por meio de pictograma e/ou frase de perigo.
Isso é, adicionalmente ao pictograma apropriado para o pictograma de toxicidade aguda, o pictograma de corrosivo (utilizado para corrosão à pele e corrosão aos olhos) pode ser adicionado juntamente com a frase de perigo “Corrosivo” ou “Corrosivo ao trato respiratório”.",5,1,1,1,3,Inalação,"dificuldade respiratória severa, tontura, dor de cabeça, perda de consciência, colapso",pode causar edema pulmonar (acúmulo de líquido nos pulmões) horas após a exposição,Monitorar o paciente por 24-48 horas devido ao risco de desenvolvimento de edema pulmonar tardio.,1,5,5,
ToxAgInal_C3,Toxicidade aguda - Inalação - ,Categoria 3,GHS06,PERIGO,H331: ,Tóxico se inalado,"P261, P271","P304+P340, P311, P321","P403+P233, P405",P501,"As frases de perigo para toxicidade aguda diferenciam o perigo baseado na via de exposição.
A comunicação sobre a classificação da toxicidade aguda também deve refletir esta diferenciação.
Por exemplo, toxicidade aguda oral, Categoria 1, toxicidade aguda dérmica Categoria 1 e toxicidade aguda por inalação, Categoria 1.
Se a substância ou mistura for classificada para mais de uma via de exposição, então todas as classificações relevantes devem ser comunicadas na FDS, conforme especificado na Seção 7, e os elementos relevantes de comunicação de perigo, incluídos no rótulo conforme descrito na classe de toxicidade aguda da Seção 5.
Caso a substância ou mistura também seja classificada como corrosiva (com base em dados para pele e olhos), pode-se escolher também comunicar o perigo de corrosividade por meio de pictograma e/ou frase de perigo.
Isso é, adicionalmente ao pictograma apropriado para o pictograma de toxicidade aguda, o pictograma de corrosivo (utilizado para corrosão à pele e corrosão aos olhos) pode ser adicionado juntamente com a frase de perigo “Corrosivo” ou “Corrosivo ao trato respiratório”.",4,1,1,1,3,Inalação,"tontura, dor de cabeça, náusea, sonolência, dificuldade respiratória",,,1,4,3,
ToxAgInal_C4,Toxicidade aguda - Inalação - ,Categoria 4,GHS07,ATENÇÃO,H332: ,Nocivo se inalado,"P261, P271","P304+P340, P312",,,"As frases de perigo para toxicidade aguda diferenciam o perigo baseado na via de exposição.
A comunicação sobre a classificação da toxicidade aguda também deve refletir esta diferenciação.
Por exemplo, toxicidade aguda oral, Categoria 1, toxicidade aguda dérmica Categoria 1 e toxicidade aguda por inalação, Categoria 1.
Se a substância ou mistura for classificada para mais de uma via de exposição, então todas as classificações relevantes devem ser comunicadas na FDS, conforme especificado na Seção 7, e os elementos relevantes de comunicação de perigo, incluídos no rótulo conforme descrito na classe de toxicidade aguda da Seção 5.
Caso a substância ou mistura também seja classificada como corrosiva (com base em dados para pele e olhos), pode-se escolher também comunicar o perigo de corrosividade por meio de pictograma e/ou frase de perigo.
Isso é, adicionalmente ao pictograma apropriado para o pictograma de toxicidade aguda, o pictograma de corrosivo (utilizado para corrosão à pele e corrosão aos olhos) pode ser adicionado juntamente com a frase de perigo “Corrosivo” ou “Corrosivo ao trato respiratório”.",3,1,1,1,2,Inalação,"irritação das vias aéreas, tosse, tontura, dor de cabeça",,,1,3,3,
ToxAgInal_C5,Toxicidade aguda - Inalação - ,Categoria 5,,ATENÇÃO,H333: ,Pode ser nocivo se inalado,,P304+P312,,,"As frases de perigo para toxicidade aguda diferenciam o perigo baseado na via de exposição.
A comunicação sobre a classificação da toxicidade aguda também deve refletir esta diferenciação.
Por exemplo, toxicidade aguda oral, Categoria 1, toxicidade aguda dérmica Categoria 1 e toxicidade aguda por inalação, Categoria 1.
Se a substância ou mistura for classificada para mais de uma via de exposição, então todas as classificações relevantes devem ser comunicadas na FDS, conforme especificado na Seção 7, e os elementos relevantes de comunicação de perigo, incluídos no rótulo conforme descrito na classe de toxicidade aguda da Seção 5.
Caso a substância ou mistura também seja classificada como corrosiva (com base em dados para pele e olhos), pode-se escolher também comunicar o perigo de corrosividade por meio de pictograma e/ou frase de perigo.
Isso é, adicionalmente ao pictograma apropriado para o pictograma de toxicidade aguda, o pictograma de corrosivo (utilizado para corrosão à pele e corrosão aos olhos) pode ser adicionado juntamente com a frase de perigo “Corrosivo” ou “Corrosivo ao trato respiratório”.",2,1,1,1,2,Inalação,"leve irritação do trato respiratório, tosse",,,1,2,2,
CorrPele_C1A,Corrosão/irritação à pele - ,Categoria 1A,GHS05,PERIGO,H314: ,Provoca queimaduras graves à pele e lesões oculares graves,"P260, P264, P280","P301+P330+P331, P303+P361+P353, P363, P304+P340, P310, P321, P305+P351+P338",P405,P501,,1,5,5,1,3,Pele,"queimaduras químicas severas, dor intensa, destruição do tecido, formação de bolhas, queimaduras na boca, garganta e esôfago, risco de edema pulmonar","cicatrizes permanentes, descoloração da pele","O tratamento é similar ao de queimaduras térmicas. Devido ao potencial corrosivo, a lavagem gástrica ou a indução de vômito devem ser avaliadas com extremo cuidado em caso de ingestão.",1,5,4,
CorrPele_C1B,Corrosão/irritação à pele - ,Categoria 1B,GHS05,PERIGO,H314: ,Provoca queimaduras graves à pele e lesões oculares graves,"P260, P264, P280","P301+P330+P331, P303+P361+P353, P363, P304+P340, P310, P321, P305+P351+P338",P405,P501,,1,5,5,1,3,Pele,"queimaduras químicas, dor, vermelhidão profunda, necrose do tecido, queimaduras na boca, garganta e esôfago, risco de edema pulmonar","cicatrizes permanentes, descoloração da pele","O tratamento é similar ao de queimaduras térmicas. Devido ao potencial corrosivo, a lavagem gástrica ou a indução de vômito devem ser avaliadas com extremo cuidado em caso de ingestão.",1,4,4,
CorrPele_C1C,Corrosão/irritação à pele - ,Categoria 1C,GHS05,PERIGO,H314: ,Provoca queimaduras graves à pele e lesões oculares graves,"P260, P264, P280","P301+P330+P331, P303+P361+P353, P363, P304+P340, P310, P321, P305+P351+P338",P405,P501,,1,5,5,1,3,Pele,"queimaduras visíveis, vermelhidão, dor, queimaduras na boca, garganta e esôfago, risco de edema pulmonar","cicatrizes permanentes, descoloração da pele","O tratamento é similar ao de queimaduras térmicas. Devido ao potencial corrosivo, a lavagem gástrica ou a indução de vômito devem ser avaliadas com extremo cuidado em caso de ingestão.",1,4,4,
IrritPele_C2,Corrosão/irritação à pele - ,Categoria 2,GHS07,ATENÇÃO,H315: ,Provoca irritação à pele,"P264, P280","P302+P352, P321, P332+P313, P362+P364",,,,1,3,1,1,2,Pele,"vermelhidão, inflamação, coceira, sensação de queimação",,,1,3,3,
IrritPele_C3,Corrosão/irritação à pele - ,Categoria 3,,ATENÇÃO,H316: ,Provoca irritação moderada à pele,,P332+P313,,,,1,2,1,1,2,Pele,"leve vermelhidão, desconforto passageiro, coceira leve",,,1,2,2,
LesaoOcular_C1,Lesões oculares graves/irritação ocular - ,Categoria 1,GHS05,PERIGO,H318: ,Provoca lesões oculares graves,P280,"P305+P351+P338, P310",,,,1,1,5,1,3,Olhos,"dor severa, queimaduras na córnea, lacrimejamento intenso, vermelhidão profunda, visão turva, risco de dano permanente à visão","danos permanentes à visão, cegueira",,1,4,3,
IrritOcular_2A,Lesões oculares graves/irritação ocular - ,Categoria 2A,GHS07,ATENÇÃO,H319: ,Provoca irritação ocular grave,"P264, P280","P305+P351+P338, P337+P313",,,,1,1,3,1,2,Olhos,"vermelhidão, dor, lacrimejamento, sensação de areia nos olhos, visão embaçada",,,1,2,2,
IrritOcular_2B,Lesões oculares graves/irritação ocular - ,Categoria 2B,,ATENÇÃO,H320: ,Provoca irritação ocular,P264,"P305+P351+P338, P337+P313",,,,1,1,3,1,2,Olhos,"desconforto, vermelhidão leve, lacrimejamento passageiro
",,,1,2,2,
SensPele_C1,Sensibilização da pele - ,Categoria 1,GHS07,ATENÇÃO,H317: ,Pode provocar reações alérgicas na pele,"P261, P272, P280","P302+P352, P333+P313, P321, P362+P364",,P501,,1,4,1,1,2,Pele,"leve irritação, vermelhidão inicial",desenvolvimento de dermatite de contato alérgica em exposições futuras,,1,3,3,
SensPele_C1A,Sensibilização da pele - ,Categoria 1A,GHS07,ATENÇÃO,H317: ,Pode provocar reações alérgicas na pele,"P261, P272, P280","P302+P352, P333+P313, P321, P362+P364",,P501,,1,4,1,1,2,Pele,"leve irritação, vermelhidão inicial",desenvolvimento de dermatite de contato alérgica em exposições futuras,,1,3,3,
SensPele_C1B,Sensibilização da pele - ,Categoria 1B,GHS07,ATENÇÃO,H317: ,Pode provocar reações alérgicas na pele,"P261, P272, P280","P302+P352, P333+P313, P321, P362+P364",,P501,,1,4,1,1,2,Pele,"leve irritação, vermelhidão inicial",desenvolvimento de dermatite de contato alérgica em exposições futuras,,1,3,3,
SensResp_C1,Sensibilização respiratória - ,Categoria 1,GHS08,PERIGO,H334: ,"Quando inalado pode provocar sintomas alérgicos, de asma ou dificuldades respiratórias","P261, P284","P304+P340, P342+P311",,P501,,4,1,1,1,3,Inalação,"tosse, falta de ar, chiado no peito, sintomas asmáticos (o perigo principal é o desenvolvimento de alergia respiratória)",desenvolvimento de asma ocupacional,O paciente pode estar sofrendo uma reação de hipersensibilidade. O tratamento pode incluir o uso de broncodilatadores e corticosteroides.,1,4,4,
SensResp_C1A,Sensibilização respiratória - ,Categoria 1A,GHS08,PERIGO,H334: ,"Quando inalado pode provocar sintomas alérgicos, de asma ou dificuldades respiratórias","P261, P284","P304+P340, P342+P311",,P501,,4,1,1,1,3,Inalação,"tosse, falta de ar, chiado no peito, sintomas asmáticos (o perigo principal é o desenvolvimento de alergia respiratória)",desenvolvimento de asma ocupacional,O paciente pode estar sofrendo uma reação de hipersensibilidade. O tratamento pode incluir o uso de broncodilatadores e corticosteroides.,1,4,4,
SensResp_C1B,Sensibilização respiratória - ,Categoria 1B,GHS08,PERIGO,H334: ,"Quando inalado pode provocar sintomas alérgicos, de asma ou dificuldades respiratórias","P261, P284","P304+P340, P342+P311",,P501,,4,1,1,1,3,Inalação,"tosse, falta de ar, chiado no peito, sintomas asmáticos (o perigo principal é o desenvolvimento de alergia respiratória)",desenvolvimento de asma ocupacional,O paciente pode estar sofrendo uma reação de hipersensibilidade. O tratamento pode incluir o uso de broncodilatadores e corticosteroides.,1,4,4,
Mutagen_C1A,Mutagenicidade em células germinativas - ,Categoria 1A,GHS08,PERIGO,H340: ,Pode provocar defeitos genéticos.,"P201, P202, P280",P308+P313,P405,P501,,1,1,1,1,3,Sistêmico/Crônico,,pode causar defeitos genéticos hereditários,A exposição deve ser documentada. Considerar o acompanhamento do paciente para monitorar possíveis efeitos crônicos.,1,4,4,
Mutagen_C1B,Mutagenicidade em células germinativas - ,Categoria 1B,GHS08,PERIGO,H340: ,Pode provocar defeitos genéticos.,"P201, P202, P280",P308+P313,P405,P501,,1,1,1,1,3,Sistêmico/Crônico,,pode causar defeitos genéticos hereditários,A exposição deve ser documentada. Considerar o acompanhamento do paciente para monitorar possíveis efeitos crônicos.,1,4,4,
Mutagen_C2,Mutagenicidade em células germinativas - ,Categoria 2,GHS08,ATENÇÃO,H341: ,Suspeito de provocar defeitos genéticos.,"P201, P202, P280",P308+P313,P405,P501,,1,1,1,1,2,Sistêmico/Crônico,,suspeita-se que cause defeitos genéticos hereditários,A exposição deve ser documentada. Considerar o acompanhamento do paciente para monitorar possíveis efeitos crônicos.,1,3,3,
Carcino_C1A,Carcinogenicidade - ,Categoria 1A,GHS08,PERIGO,H350: ,Pode provocar câncer.,"P201, P202, P280",P308+P313,P405,P501,,1,1,1,1,3,Sistêmico/Crônico,,pode provocar câncer,A exposição deve ser documentada. Considerar o acompanhamento do paciente para monitorar possíveis efeitos crônicos.,1,4,4,
Carcino_C1B,Carcinogenicidade - ,Categoria 1B,GHS08,PERIGO,H350: ,Pode provocar câncer.,"P201, P202, P280",P308+P313,P405,P501,,1,1,1,1,3,Sistêmico/Crônico,,pode provocar câncer,A exposição deve ser documentada. Considerar o acompanhamento do paciente para monitorar possíveis efeitos crônicos.,1,4,4,
Carcino_C2,Carcinogenicidade - ,Categoria 2,GHS08,ATENÇÃO,H351: ,Suspeito de provocar câncer.,"P201, P202, P280",P308+P313,P405,P501,,1,1,1,1,2,Sistêmico/Crônico,,suspeita-se que provoque câncer,A exposição deve ser documentada. Considerar o acompanhamento do paciente para monitorar possíveis efeitos crônicos.,1,3,3,
ToxRepro_C1A,Toxicidade à reprodução - ,Categoria 1A,GHS08,PERIGO,H360: ,Pode prejudicar a fertilidade ou o feto.,"P201, P202, P280",P308+P313,P405,P501,"Sempre que o efeito em relação à fertilidade ou o desenvolvimento não puder ser especificado, as frases de perigo H360 e H361 devem ser aplicadas.",1,1,1,1,3,Sistêmico/Crônico,,pode prejudicar a fertilidade ou o feto,A exposição deve ser documentada. Considerar o acompanhamento do paciente para monitorar possíveis efeitos crônicos.,1,4,4,
ToxRepro_C1B,Toxicidade à reprodução - ,Categoria 1B,GHS08,PERIGO,H360: ,Pode prejudicar a fertilidade ou o feto.,"P201, P202, P280",P308+P313,P405,P501,"Sempre que o efeito em relação à fertilidade ou o desenvolvimento não puder ser especificado, as frases de perigo H360 e H361 devem ser aplicadas.",1,1,1,1,3,Sistêmico/Crônico,,pode prejudicar a fertilidade ou o feto,A exposição deve ser documentada. Considerar o acompanhamento do paciente para monitorar possíveis efeitos crônicos.,1,4,4,
ToxRepro_C1A_D,Toxicidade à reprodução - ,Categoria 1A,GHS08,PERIGO,H360D: ,Pode prejudicar o feto.,"P201, P202, P280",P308+P313,P405,P501,"NOTA As frases de perigo H360 e H361[152] indicam uma preocupação geral para efeitos na função sexual e fertilidade e/ou desenvolvimento dos fetos.
Quando houver informação disponível, a frase de perigo genérica (H360 ou H361) pode ser substituída por uma frase de perigo que indique o efeito específico, conforme a seguir:
b) quando uma substância é conhecida por causar toxicidade somente no desenvolvimento dos fetos (cumprindo os critérios de classificação como tóxica à reprodução da Categoria 1A ou 1B) e se os dados disponíveis forem suficientes para apoiar uma avaliação segura dos riscos, pode ser aplicada a frase de perigo específica: “Pode prejudicar o feto” (H360D).",1,1,1,1,3,Sistêmico/Crônico,,pode prejudicar a fertilidade ou o feto,A exposição deve ser documentada. Considerar o acompanhamento do paciente para monitorar possíveis efeitos crônicos.,1,4,4,
ToxRepro_C1B_D,Toxicidade à reprodução - ,Categoria 1B,GHS08,PERIGO,H360D: ,Pode prejudicar o feto.,"P201, P202, P280",P308+P313,P405,P501,"NOTA As frases de perigo H360 e H361[152] indicam uma preocupação geral para efeitos na função sexual e fertilidade e/ou desenvolvimento dos fetos.
Quando houver informação disponível, a frase de perigo genérica (H360 ou H361) pode ser substituída por uma frase de perigo que indique o efeito específico, conforme a seguir:
b) quando uma substância é conhecida por causar toxicidade somente no desenvolvimento dos fetos (cumprindo os critérios de classificação como tóxica à reprodução da Categoria 1A ou 1B) e se os dados disponíveis forem suficientes para apoiar uma avaliação segura dos riscos, pode ser aplicada a frase de perigo específica: “Pode prejudicar o feto” (H360D).",1,1,1,1,3,Sistêmico/Crônico,,pode prejudicar a fertilidade ou o feto,A exposição deve ser documentada. Considerar o acompanhamento do paciente para monitorar possíveis efeitos crônicos.,1,4,4,
ToxRepro_C1A_D_f,Toxicidade à reprodução - ,Categoria 1A,GHS08,PERIGO,H360Df: ,Pode prejudicar o feto. Suspeita-se que prejudique a fertilidade.,"P201, P202, P280",P308+P313,P405,P501,"NOTA As frases de perigo H360 e H361[152] indicam uma preocupação geral para efeitos na função sexual e fertilidade e/ou desenvolvimento dos fetos.
Quando houver informação disponível, a frase de perigo genérica (H360 ou H361) pode ser substituída por uma frase de perigo que indique o efeito específico, conforme a seguir:
e) quando uma substância é conhecida por causar toxicidade no desenvolvimento dos fetos (cumprindo os critérios de classificação como tóxica à reprodução Categoria 1A ou 1B), bem como é conhecida como suspeita por ter um efeito adverso à função sexual e fertilidade (cumprindo os critérios de classificação como tóxica à reprodução categoria 2); e os dados disponíveis forem suficientes para apoiar uma avaliação segura dos riscos, podem ser aplicadas as frases de perigo específicas: “Pode prejudicar o feto. Suspeita-se que prejudique a fertilidade” (H360Df).",1,1,1,1,3,Sistêmico/Crônico,,pode prejudicar a fertilidade ou o feto,A exposição deve ser documentada. Considerar o acompanhamento do paciente para monitorar possíveis efeitos crônicos.,1,4,4,
ToxRepro_C1B_D_f,Toxicidade à reprodução - ,Categoria 1B,GHS08,PERIGO,H360Df: ,Pode prejudicar o feto. Suspeita-se que prejudique a fertilidade.,"P201, P202, P280",P308+P313,P405,P501,"NOTA As frases de perigo H360 e H361[152] indicam uma preocupação geral para efeitos na função sexual e fertilidade e/ou desenvolvimento dos fetos.
Quando houver informação disponível, a frase de perigo genérica (H360 ou H361) pode ser substituída por uma frase de perigo que indique o efeito específico, conforme a seguir:
e) quando uma substância é conhecida por causar toxicidade no desenvolvimento dos fetos (cumprindo os critérios de classificação como tóxica à reprodução Categoria 1A ou 1B), bem como é conhecida como suspeita por ter um efeito adverso à função sexual e fertilidade (cumprindo os critérios de classificação como tóxica à reprodução categoria 2); e os dados disponíveis forem suficientes para apoiar uma avaliação segura dos riscos, podem ser aplicadas as frases de perigo específicas: “Pode prejudicar o feto. Suspeita-se que prejudique a fertilidade” (H360Df).",1,1,1,1,3,Sistêmico/Crônico,,pode prejudicar a fertilidade ou o feto,A exposição deve ser documentada. Considerar o acompanhamento do paciente para monitorar possíveis efeitos crônicos.,1,4,4,
ToxRepro_C1A_F,Toxicidade à reprodução - ,Categoria 1A,GHS08,PERIGO,H360F: ,Pode prejudicar fertilidade.,"P201, P202, P280",P308+P313,P405,P501,"NOTA As frases de perigo H360 e H361[152] indicam uma preocupação geral para efeitos na função sexual e fertilidade e/ou desenvolvimento dos fetos.
Quando houver informação disponível, a frase de perigo genérica (H360 ou H361) pode ser substituída por uma frase de perigo que indique o efeito específico, conforme a seguir:
a) quando uma substância é conhecida por causar efeito adverso somente à função sexual e fertilidade (cumprindo
os critérios de classificação como tóxica à reprodução da Categoria 1A e 1B) e os dados disponíveis forem suficientes para apoiar uma avaliação segura dos riscos, pode ser aplicada a frase de perigo específica: “Pode prejudicar a fertilidade” (H360F).",1,1,1,1,3,Sistêmico/Crônico,,pode prejudicar a fertilidade ou o feto,A exposição deve ser documentada. Considerar o acompanhamento do paciente para monitorar possíveis efeitos crônicos.,1,4,4,
ToxRepro_C1B_F,Toxicidade à reprodução - ,Categoria 1B,GHS08,PERIGO,H360F: ,Pode prejudicar fertilidade.,"P201, P202, P280",P308+P313,P405,P501,"NOTA As frases de perigo H360 e H361[152] indicam uma preocupação geral para efeitos na função sexual e fertilidade e/ou desenvolvimento dos fetos.
Quando houver informação disponível, a frase de perigo genérica (H360 ou H361) pode ser substituída por uma frase de perigo que indique o efeito específico, conforme a seguir:
a) quando uma substância é conhecida por causar efeito adverso somente à função sexual e fertilidade (cumprindo
os critérios de classificação como tóxica à reprodução da Categoria 1A e 1B) e os dados disponíveis forem suficientes para apoiar uma avaliação segura dos riscos, pode ser aplicada a frase de perigo específica: “Pode prejudicar a fertilidade” (H360F).",1,1,1,1,3,Sistêmico/Crônico,,pode prejudicar a fertilidade ou o feto,A exposição deve ser documentada. Considerar o acompanhamento do paciente para monitorar possíveis efeitos crônicos.,1,4,4,
ToxRepro_C1A_FD,Toxicidade à reprodução - ,Categoria 1A,GHS08,PERIGO,H360FD: ,Pode prejudicar a fertilidade. Pode prejudicar o feto.,"P201, P202, P280",P308+P313,P405,P501,"NOTA As frases de perigo H360 e H361[152] indicam uma preocupação geral para efeitos na função sexual e fertilidade e/ou desenvolvimento dos fetos.
Quando houver informação disponível, a frase de perigo genérica (H360 ou H361) pode ser substituída por uma frase de perigo que indique o efeito específico, conforme a seguir:
c) quando uma substância é conhecida por causar efeito adverso à função sexual e fertilidade, bem como por causar toxicidade no desenvolvimento dos fetos (cumprindo os critérios de classificação como tóxica à reprodução da categoria 1A ou 1B); e os dados disponíveis forem suficientes para apoiar uma avaliação segura dos riscos, podem ser aplicadas as frases de perigo específicas: “Pode prejudicar a fertilidade. Pode prejudicar o feto” (H360FD).",1,1,1,1,3,Sistêmico/Crônico,,pode prejudicar a fertilidade ou o feto,A exposição deve ser documentada. Considerar o acompanhamento do paciente para monitorar possíveis efeitos crônicos.,1,4,4,
ToxRepro_C1B_FD,Toxicidade à reprodução - ,Categoria 1B,GHS08,PERIGO,H360FD: ,Pode prejudicar a fertilidade. Pode prejudicar o feto.,"P201, P202, P280",P308+P313,P405,P501,"NOTA As frases de perigo H360 e H361[152] indicam uma preocupação geral para efeitos na função sexual e fertilidade e/ou desenvolvimento dos fetos.
Quando houver informação disponível, a frase de perigo genérica (H360 ou H361) pode ser substituída por uma frase de perigo que indique o efeito específico, conforme a seguir:
c) quando uma substância é conhecida por causar efeito adverso à função sexual e fertilidade, bem como por causar toxicidade no desenvolvimento dos fetos (cumprindo os critérios de classificação como tóxica à reprodução da categoria 1A ou 1B); e os dados disponíveis forem suficientes para apoiar uma avaliação segura dos riscos, podem ser aplicadas as frases de perigo específicas: “Pode prejudicar a fertilidade. Pode prejudicar o feto” (H360FD).",1,1,1,1,3,Sistêmico/Crônico,,pode prejudicar a fertilidade ou o feto,A exposição deve ser documentada. Considerar o acompanhamento do paciente para monitorar possíveis efeitos crônicos.,1,4,4,
ToxRepro_C1A_F_d,Toxicidade à reprodução - ,Categoria 1A,GHS08,PERIGO,H360Fd: ,Pode prejudicar a fertilidade. Suspeita-se que prejudique o feto.,"P201, P202, P280",P308+P313,P405,P501,"NOTA As frases de perigo H360 e H361[152] indicam uma preocupação geral para efeitos na função sexual e fertilidade e/ou desenvolvimento dos fetos.
Quando houver informação disponível, a frase de perigo genérica (H360 ou H361) pode ser substituída por uma frase de perigo que indique o efeito específico, conforme a seguir:
d) quando uma substância é conhecida por causar efeito adverso à função sexual e fertilidade (cumprindo os critérios de classificação como tóxica à reprodução Categoria 1A ou 1B), bem como conhecida por suspeita de causar toxicidade no desenvolvimento dos fetos (cumprindo os critérios de classificação como tóxica à reprodução categoria 2); e os dados disponíveis forem suficientes para apoiar uma avaliação segura dos riscos, podem ser aplicadas as frases de perigo específicas: “Pode prejudicar a fertilidade. Suspeita-se que prejudique o feto” (H360Fd).",1,1,1,1,3,Sistêmico/Crônico,,pode prejudicar a fertilidade ou o feto,A exposição deve ser documentada. Considerar o acompanhamento do paciente para monitorar possíveis efeitos crônicos.,1,4,4,
ToxRepro_C1B_F_d,Toxicidade à reprodução - ,Categoria 1B,GHS08,PERIGO,H360Fd: ,Pode prejudicar a fertilidade. Suspeita-se que prejudique o feto.,"P201, P202, P280",P308+P313,P405,P501,"NOTA As frases de perigo H360 e H361[152] indicam uma preocupação geral para efeitos na função sexual e fertilidade e/ou desenvolvimento dos fetos.
Quando houver informação disponível, a frase de perigo genérica (H360 ou H361) pode ser substituída por uma frase de perigo que indique o efeito específico, conforme a seguir:
d) quando uma substância é conhecida por causar efeito adverso à função sexual e fertilidade (cumprindo os critérios de classificação como tóxica à reprodução Categoria 1A ou 1B), bem como conhecida por suspeita de causar toxicidade no desenvolvimento dos fetos (cumprindo os critérios de classificação como tóxica à reprodução categoria 2); e os dados disponíveis forem suficientes para apoiar uma avaliação segura dos riscos, podem ser aplicadas as frases de perigo específicas: “Pode prejudicar a fertilidade. Suspeita-se que prejudique o feto” (H360Fd).",1,1,1,1,3,Sistêmico/Crônico,,pode prejudicar a fertilidade ou o feto,A exposição deve ser documentada. Considerar o acompanhamento do paciente para monitorar possíveis efeitos crônicos.,1,4,4,
ToxRepro_C2,Toxicidade à reprodução - ,Categoria 2,GHS08,ATENÇÃO,H361: ,Suspeita-se que prejudique a fertilidade ou o feto.,"P201, P202, P280",P308+P313,P405,P501,"Sempre que o efeito em relação à fertilidade ou o desenvolvimento não puder ser especificado, as frases de perigo H360 e H361 devem ser aplicadas.",1,1,1,1,2,Sistêmico/Crônico,,suspeita-se que prejudique a fertilidade ou o feto,A exposição deve ser documentada. Considerar o acompanhamento do paciente para monitorar possíveis efeitos crônicos.,1,3,3,
ToxRepro_C2_d,Toxicidade à reprodução - ,Categoria 2,GHS08,ATENÇÃO,H361d: ,Suspeita-se que prejudique o feto.,"P201, P202, P280",P308+P313,P405,P501,"NOTA As frases de perigo H360 e H361[152] indicam uma preocupação geral para efeitos na função sexual e fertilidade e/ou desenvolvimento dos fetos.
Quando houver informação disponível, a frase de perigo genérica (H360 ou H361) pode ser substituída por uma frase de perigo que indique o efeito específico, conforme a seguir:
g) quando uma substância é suspeita por causar toxicidade no desenvolvimento dos fetos (cumprindo os critérios de classificação como tóxica à reprodução da Categoria 2) e os dados disponíveis são suficientes para apoiar uma avaliação segura dos riscos, pode ser aplicada a frase de perigo específica: “Suspeita-se que prejudique o feto” (H361d).",1,1,1,1,2,Sistêmico/Crônico,,suspeita-se que prejudique a fertilidade ou o feto,A exposição deve ser documentada. Considerar o acompanhamento do paciente para monitorar possíveis efeitos crônicos.,1,3,3,
ToxRepro_C2_f,Toxicidade à reprodução - ,Categoria 2,GHS08,ATENÇÃO,H361f: ,Suspeita-se que prejudique a fertilidade.,"P201, P202, P280",P308+P313,P405,P501,"NOTA As frases de perigo H360 e H361[152] indicam uma preocupação geral para efeitos na função sexual e fertilidade e/ou desenvolvimento dos fetos.
Quando houver informação disponível, a frase de perigo genérica (H360 ou H361) pode ser substituída por uma frase de perigo que indique o efeito específico, conforme a seguir:
f) quando uma substância é suspeita por ter um efeito adverso à função sexual e fertilidade (cumprindo os critérios de classificação como tóxica à reprodução da Categoria 2) e os dados disponíveis forem suficientes para apoiar uma avaliação segura dos riscos, pode ser aplicada a frase de perigo específica: “Suspeita-se que prejudique a fertilidade” (H361f).",1,1,1,1,2,Sistêmico/Crônico,,suspeita-se que prejudique a fertilidade ou o feto,A exposição deve ser documentada. Considerar o acompanhamento do paciente para monitorar possíveis efeitos crônicos.,1,3,3,
ToxRepro_C2_fd,Toxicidade à reprodução - ,Categoria 2,GHS08,ATENÇÃO,H361fd: ,Suspeita-se que prejudique a fertilidade. Suspeita-se que prejudique o feto.,"P201, P202, P280",P308+P313,P405,P501,"NOTA As frases de perigo H360 e H361[152] indicam uma preocupação geral para efeitos na função sexual e fertilidade e/ou desenvolvimento dos fetos.
Quando houver informação disponível, a frase de perigo genérica (H360 ou H361) pode ser substituída por uma frase de perigo que indique o efeito específico, conforme a seguir:
h) quando uma substância é suspeita por ter um efeito adverso à função sexual e fertilidade, bem como é suspeita por causar toxicidade no desenvolvimento dos fetos (cumprindo os critérios de classificação como tóxica à reprodução da Categoria 2) e os dados disponíveis são suficientes para apoiar uma avaliação segura dos riscos, podem ser aplicadas as frases de perigo específicas: “Suspeita-se que prejudique a fertilidade. Suspeita-se que prejudique o feto” (H361fd).",1,1,1,1,2,Sistêmico/Crônico,,suspeita-se que prejudique a fertilidade ou o feto,A exposição deve ser documentada. Considerar o acompanhamento do paciente para monitorar possíveis efeitos crônicos.,1,3,3,
ToxRepro_Lact,Toxicidade à reprodução - ,Categoria  Adicional,,,H362: ,Pode ser nocivo às crianças alimentadas com leite materno.,"P201, P202, P260, P263, P264, P270",P308+P313,,,,1,1,1,1,2,Sistêmico/Crônico,,pode ser prejudicial para crianças amamentadas,A exposição deve ser documentada. Considerar o acompanhamento do paciente para monitorar possíveis efeitos crônicos.,1,3,3,
STOT_SE_C1,Toxicidade para órgãos-alvo específicos - Exposição única - ,Categoria 1,GHS08,PERIGO,H370: ,Provoca danos aos órgãos.,"P260, P264, P270","P308+P311, P321",P405,P501,,4,4,1,4,3,Sistêmico/Crônico,provoca danos aos órgãos,,,1,4,4,
STOT_SE_C2,Toxicidade para órgãos-alvo específicos - Exposição única - ,Categoria 2,GHS08,ATENÇÃO,H371: ,Pode provocar danos aos órgãos.,"P260, P264, P270",P308+P311,P405,P501,,3,3,1,3,2,Sistêmico/Crônico,pode provocar danos aos órgãos,,,1,3,3,
STOT_SE_C3_IR,Toxicidade para órgãos-alvo específicos - Exposição única - ,Categoria 3,GHS07,ATENÇÃO,H335: ,Pode provocar irritação das vias respiratórias ,"P261, P271","P304+P340, P312","P403+P233, P405",P501,,2,1,1,1,2,Inalação,"irritação do nariz, garganta e trato respiratório, tosse, espirros",,,1,2,2,
STOT_SE_C3_EN,Toxicidade para órgãos-alvo específicos - Exposição única - ,Categoria 3,GHS07,ATENÇÃO,H336: ,Pode provocar sonolência ou vertigem,"P261, P271","P304+P340, P312","P403+P233, P405",P501,,2,1,1,1,2,Inalação,"sonolência, tontura, vertigem, perda de coordenação, confusão",,,1,2,2,
STOT_RE_C1,Toxicidade para órgãos-alvo específicos - Exposição repetida - ,Categoria 1,GHS08,PERIGO,H372: ,Provoca danos aos órgãos por exposição repetida ou prolongada,"P260, P264, P270",P314,,P501,,4,4,1,4,2,Sistêmico/Crônico,,provoca danos aos órgãos por exposição repetida ou prolongada,,1,4,4,
STOT_RE_C2,Toxicidade para órgãos-alvo específicos - Exposição repetida - ,Categoria 2,GHS08,ATENÇÃO,H373: ,Pode provocar danos aos órgãos por exposição repetida ou prolongada,P260,P314,,P501,,3,3,1,3,2,Sistêmico/Crônico,,pode provocar danos aos órgãos por exposição repetida ou prolongada,,1,3,3,
Aspira_C1,Perigo por aspiração - ,Categoria 1,GHS08,PERIGO,H304: ,Pode ser fatal se ingerido e penetrar nas vias respiratórias,,"P301+P310, P331",P405,P501,,1,1,1,5,3,Ingestão,"o perigo principal não é a digestão, mas a aspiração (entrada nos pulmões) causando tosse, engasgo, dificuldade respiratória severa, pneumonite química",,O principal risco é a pneumonite química por aspiração. A indução de vômito é contraindicada. O tratamento pode incluir suporte respiratório.,1,3,3,
Aspira_C2,Perigo por aspiração - ,Categoria 2,GHS08,ATENÇÃO,H305: ,Pode ser nocivo se ingerido e penetrar nas vias respiratórias,,"P301+P310, P331",P405,P501,,1,1,1,4,2,Ingestão,risco de aspiração para os pulmões causando tosse e dificuldade respiratória,,,1,2,2,
AqAgudo_C1,Perigoso ao ambiente aquático - Agudo - ,Categoria 1,GHS09,ATENÇÃO,H400: ,Muito tóxico para os organismos aquáticos,P273,P391,,P501,,1,1,1,1,2,,,,,1,4,2,
AqAgudo_C2,Perigoso ao ambiente aquático - Agudo - ,Categoria 2,,,H401: ,Tóxico para os organismos aquáticos,P273,,,P501,,1,1,1,1,2,,,,,1,3,2,
AqAgudo_C3,Perigoso ao ambiente aquático - Agudo - ,Categoria 3,,,H402: ,Nocivo para os organismos aquáticos,P273,,,P501,,1,1,1,1,2,,,,,1,2,2,
AqCronico_C1,Perigoso ao ambiente aquático - Crônico - ,Categoria 1,GHS09,ATENÇÃO,H410: ,"Muito tóxico para os organismos aquáticos, com efeitos prolongados",P273,P391,,P501,,1,1,1,1,2,,,,,1,4,2,
AqCronico_C2,Perigoso ao ambiente aquático - Crônico - ,Categoria 2,GHS09,,H411: ,"Tóxico para os organismos aquáticos, com efeitos prolongados",P273,P391,,P501,,1,1,1,1,2,,,,,1,3,2,
AqCronico_C3,Perigoso ao ambiente aquático - Crônico - ,Categoria 3,,,H412: ,"Nocivo para os organismos aquáticos, com efeitos prolongados",P273,,,P501,,1,1,1,1,2,,,,,1,2,2,
AqCronico_C4,Perigoso ao ambiente aquático - Crônico - ,Categoria 4,,,H413: ,Pode provocar efeitos nocivos prolongados para os organismos aquáticos,P273,,,P501,,1,1,1,1,2,,,,,1,2,2,
Ozonio_C1,Perigoso à camada de ozônio - ,Categoria 1,GHS07,,H420: ,Provoca danos à saúde pública e ao meio ambiente pela destruição da camada de ozônio,,,,P502,,1,1,1,1,2,,,,,1,2,2,